{
    "test_accuracy": 0.7840999960899353,
    "test_loss": 0.828016996383667,
    "train_accuracy": [
        0.4018250107765198,
        0.5867000222206116,
        0.6763499975204468,
        0.741474986076355,
        0.791700005531311,
        0.8345999717712402,
        0.8763750195503235,
        0.9099500179290771,
        0.9352499842643738,
        0.9531750082969666
    ],
    "val_accuracy": [
        0.5253000259399414,
        0.6448000073432922,
        0.6996999979019165,
        0.7437999844551086,
        0.7508999705314636,
        0.7921000123023987,
        0.7839999794960022,
        0.7806000113487244,
        0.7860000133514404,
        0.7889000177383423
    ]
}